filename,target
1074.jpg,0
1222.jpg,1
2105.jpg,1
81.jpg,2
1791.jpg,2
1601.jpg,1
895.jpg,1
2235.jpg,2
1313.jpg,2
1662.jpg,0
1194.jpg,1
1208.jpg,2
1138.jpg,0
1859.jpg,2
337.jpg,1
1445.jpg,1
646.jpg,0
59.jpg,2
221.jpg,0
2213.jpg,2
1011.jpg,1
1407.jpg,1
1402.jpg,0
958.jpg,0
193.jpg,2
266.jpg,0
392.jpg,0
481.jpg,0
1977.jpg,2
1590.jpg,0
264.jpg,2
1940.jpg,0
1896.jpg,1
1427.jpg,1
1457.jpg,1
1798.jpg,2
1755.jpg,1
1142.jpg,0
358.jpg,0
2080.jpg,1
70.jpg,1
1089.jpg,1
650.jpg,1
518.jpg,0
1857.jpg,1
2191.jpg,1
1153.jpg,0
260.jpg,1
1473.jpg,1
1885.jpg,1
2250.jpg,0
215.jpg,0
1546.jpg,2
391.jpg,2
286.jpg,0
1338.jpg,0
626.jpg,1
1462.jpg,0
393.jpg,2
466.jpg,0
477.jpg,0
2097.jpg,2
1350.jpg,2
1366.jpg,1
743.jpg,2
1908.jpg,1
1246.jpg,1
1357.jpg,0
2112.jpg,1
1442.jpg,2
89.jpg,0
1887.jpg,0
1469.jpg,2
575.jpg,0
1291.jpg,2
2124.jpg,0
1247.jpg,0
682.jpg,0
1836.jpg,0
2256.jpg,0
459.jpg,2
469.jpg,1
1989.jpg,2
370.jpg,0
1266.jpg,1
1734.jpg,1
1890.jpg,1
399.jpg,2
2181.jpg,1
1346.jpg,1
581.jpg,1
1084.jpg,2
1480.jpg,2
1415.jpg,1
2165.jpg,0
1620.jpg,2
612.jpg,0
2057.jpg,2
558.jpg,1
1398.jpg,1
288.jpg,2
418.jpg,0
2036.jpg,0
46.jpg,2
1187.jpg,1
1557.jpg,1
1629.jpg,2
2174.jpg,0
811.jpg,0
1801.jpg,2
355.jpg,0
1856.jpg,0
621.jpg,0
369.jpg,2
1268.jpg,0
1245.jpg,1
937.jpg,2
135.jpg,2
1250.jpg,2
308.jpg,2
1202.jpg,2
1215.jpg,2
939.jpg,2
341.jpg,0
1510.jpg,1
933.jpg,0
725.jpg,1
1949.jpg,0
611.jpg,2
36.jpg,2
697.jpg,1
1894.jpg,0
2169.jpg,2
1637.jpg,1
1091.jpg,0
898.jpg,2
591.jpg,1
819.jpg,1
629.jpg,1
797.jpg,0
444.jpg,1
1179.jpg,1
820.jpg,0
1007.jpg,2
763.jpg,1
607.jpg,2
2000.jpg,0
818.jpg,0
1573.jpg,0
1249.jpg,1
2195.jpg,1
1013.jpg,0
2151.jpg,0
425.jpg,0
462.jpg,2
72.jpg,1
1282.jpg,0
1920.jpg,1
1297.jpg,2
519.jpg,0
1841.jpg,2
451.jpg,1
1818.jpg,0
169.jpg,1
139.jpg,1
1410.jpg,2
590.jpg,1
1529.jpg,0
1176.jpg,0
253.jpg,0
117.jpg,1
1309.jpg,0
849.jpg,2
1175.jpg,2
2178.jpg,1
1119.jpg,1
1983.jpg,0
994.jpg,0
1219.jpg,0
972.jpg,1
363.jpg,1
263.jpg,1
988.jpg,1
55.jpg,0
1211.jpg,1
243.jpg,0
417.jpg,1
1243.jpg,0
1685.jpg,2
335.jpg,2
218.jpg,2
1501.jpg,0
1938.jpg,1
497.jpg,0
28.jpg,1
1771.jpg,0
174.jpg,0
2018.jpg,1
115.jpg,1
220.jpg,0
1711.jpg,1
2028.jpg,0
1843.jpg,2
1956.jpg,0
600.jpg,2
1668.jpg,0
1323.jpg,2
1475.jpg,2
779.jpg,0
128.jpg,0
1744.jpg,0
1835.jpg,1
2046.jpg,0
324.jpg,0
120.jpg,2
1368.jpg,1
457.jpg,1
1796.jpg,1
299.jpg,1
1742.jpg,0
476.jpg,1
283.jpg,0
1122.jpg,1
1825.jpg,0
2121.jpg,0
1333.jpg,1
1049.jpg,2
2211.jpg,0
2177.jpg,0
256.jpg,0
554.jpg,0
1760.jpg,1
12.jpg,2
336.jpg,1
531.jpg,2
2248.jpg,1
793.jpg,2
740.jpg,0
569.jpg,2
1224.jpg,1
2245.jpg,2
503.jpg,1
914.jpg,2
2009.jpg,1
1865.jpg,0
1617.jpg,1
1075.jpg,1
1800.jpg,0
1745.jpg,1
1132.jpg,1
377.jpg,0
1562.jpg,1
171.jpg,1
2123.jpg,2
2115.jpg,0
426.jpg,0
1715.jpg,1
93.jpg,0
563.jpg,0
1038.jpg,0
2054.jpg,0
2224.jpg,0
1569.jpg,1
843.jpg,1
64.jpg,1
333.jpg,2
1605.jpg,0
894.jpg,2
1068.jpg,0
1130.jpg,2
2141.jpg,0
109.jpg,1
378.jpg,2
1239.jpg,0
726.jpg,1
670.jpg,1
868.jpg,0
1861.jpg,0
1822.jpg,2
2061.jpg,0
990.jpg,2
2132.jpg,2
618.jpg,1
694.jpg,2
1035.jpg,0
69.jpg,0
1252.jpg,0
1151.jpg,2
2134.jpg,1
1161.jpg,1
5.jpg,2
1328.jpg,2
1631.jpg,0
510.jpg,0
1020.jpg,1
663.jpg,0
1669.jpg,0
51.jpg,1
2007.jpg,0
1180.jpg,2
1780.jpg,2
1104.jpg,2
1058.jpg,1
623.jpg,2
255.jpg,1
1032.jpg,1
366.jpg,0
1133.jpg,0
1555.jpg,0
853.jpg,0
1610.jpg,0
672.jpg,0
235.jpg,1
1095.jpg,1
1230.jpg,2
834.jpg,0
1127.jpg,1
2172.jpg,0
2197.jpg,1
1012.jpg,0
91.jpg,0
758.jpg,2
1789.jpg,0
248.jpg,2
2263.jpg,0
1025.jpg,0
147.jpg,0
1006.jpg,2
397.jpg,1
131.jpg,2
1108.jpg,1
1463.jpg,1
1242.jpg,0
601.jpg,2
557.jpg,2
954.jpg,0
2001.jpg,0
1114.jpg,0
662.jpg,2
1015.jpg,0
746.jpg,2
603.jpg,1
1904.jpg,0
1934.jpg,1
1287.jpg,2
1794.jpg,1
309.jpg,1
1925.jpg,1
1401.jpg,0
239.jpg,0
230.jpg,1
1703.jpg,0
320.jpg,0
2027.jpg,0
406.jpg,0
1302.jpg,0
680.jpg,0
1721.jpg,0
880.jpg,1
181.jpg,0
2044.jpg,2
1259.jpg,1
1037.jpg,1
1183.jpg,2
755.jpg,1
1517.jpg,0
2055.jpg,2
9.jpg,0
690.jpg,1
1584.jpg,2
1271.jpg,2
39.jpg,2
1269.jpg,0
1030.jpg,2
1797.jpg,0
1927.jpg,2
1499.jpg,0
83.jpg,1
596.jpg,0
1444.jpg,1
1978.jpg,2
844.jpg,1
701.jpg,0
733.jpg,2
1210.jpg,1
1418.jpg,0
1403.jpg,0
371.jpg,2
1431.jpg,1
342.jpg,1
132.jpg,1
1879.jpg,2
1311.jpg,0
1520.jpg,1
2180.jpg,2
1644.jpg,1
1248.jpg,1
388.jpg,0
1541.jpg,1
678.jpg,0
630.jpg,1
1146.jpg,0
802.jpg,0
389.jpg,0
546.jpg,1
65.jpg,2
878.jpg,0
669.jpg,1
1640.jpg,0
2021.jpg,1
1627.jpg,1
718.jpg,2
409.jpg,0
195.jpg,0
190.jpg,0
710.jpg,0
1649.jpg,2
2083.jpg,0
2218.jpg,2
1364.jpg,0
1118.jpg,0
2050.jpg,2
1345.jpg,2
405.jpg,0
1924.jpg,1
314.jpg,0
501.jpg,2
2128.jpg,1
1873.jpg,0
847.jpg,0
1306.jpg,2
121.jpg,1
539.jpg,1
2106.jpg,2
1735.jpg,0
1342.jpg,2
1547.jpg,0
2116.jpg,0
270.jpg,1
1125.jpg,2
1301.jpg,1
1021.jpg,2
556.jpg,1
1855.jpg,1
515.jpg,1
2233.jpg,0
778.jpg,1
1359.jpg,1
1103.jpg,0
136.jpg,2
402.jpg,1
1691.jpg,1
923.jpg,0
522.jpg,1
214.jpg,0
688.jpg,1
1898.jpg,2
1539.jpg,0
58.jpg,1
163.jpg,2
765.jpg,0
450.jpg,0
1322.jpg,0
1911.jpg,1
1611.jpg,0
1807.jpg,0
140.jpg,1
2207.jpg,2
2103.jpg,2
1853.jpg,0
609.jpg,0
1619.jpg,2
234.jpg,2
84.jpg,1
1884.jpg,0
1073.jpg,1
822.jpg,0
749.jpg,1
1451.jpg,1
1692.jpg,2
1308.jpg,0
2204.jpg,2
1003.jpg,1
1839.jpg,0
985.jpg,0
1124.jpg,1
1679.jpg,2
1766.jpg,1
528.jpg,2
1503.jpg,0
1740.jpg,2
812.jpg,0
693.jpg,0
1512.jpg,0
593.jpg,2
1303.jpg,0
873.jpg,0
1666.jpg,1
1931.jpg,0
1518.jpg,0
712.jpg,2
639.jpg,1
655.jpg,0
969.jpg,1
1899.jpg,2
465.jpg,0
172.jpg,0
1851.jpg,2
2205.jpg,0
2030.jpg,0
2153.jpg,2
1880.jpg,0
2015.jpg,0
502.jpg,1
1167.jpg,0
1525.jpg,1
127.jpg,1
151.jpg,2
178.jpg,1
783.jpg,2
1993.jpg,1
2089.jpg,1
225.jpg,2
905.jpg,2
1534.jpg,1
1448.jpg,0
1231.jpg,0
1147.jpg,2
606.jpg,0
974.jpg,2
1033.jpg,2
770.jpg,1
1741.jpg,0
479.jpg,2
1481.jpg,1
1214.jpg,0
1492.jpg,1
1191.jpg,2
1613.jpg,0
1954.jpg,0
2140.jpg,2
1227.jpg,2
99.jpg,2
1950.jpg,1
1260.jpg,0
657.jpg,2
1548.jpg,0
1135.jpg,2
1217.jpg,0
1423.jpg,0
2073.jpg,1
1694.jpg,1
498.jpg,1
1751.jpg,2
721.jpg,2
2125.jpg,1
1065.jpg,0
1086.jpg,2
1882.jpg,2
62.jpg,1
1182.jpg,0
1709.jpg,1
1608.jpg,0
1706.jpg,0
104.jpg,1
2109.jpg,2
1172.jpg,2
1635.jpg,2
166.jpg,1
975.jpg,2
1117.jpg,1
1893.jpg,2
1743.jpg,0
194.jpg,2
1966.jpg,1
1673.jpg,0
400.jpg,1
2070.jpg,1
1586.jpg,0
826.jpg,1
368.jpg,1
1192.jpg,1
26.jpg,1
1432.jpg,0
582.jpg,1
326.jpg,2
267.jpg,2
30.jpg,1
796.jpg,2
1707.jpg,2
1165.jpg,1
1251.jpg,1
2188.jpg,0
1641.jpg,2
137.jpg,0
1897.jpg,0
191.jpg,2
647.jpg,1
1154.jpg,0
1098.jpg,0
1050.jpg,2
505.jpg,0
1228.jpg,1
1027.jpg,2
1819.jpg,1
919.jpg,1
1638.jpg,0
981.jpg,1
1386.jpg,1
48.jpg,2
906.jpg,0
287.jpg,2
1675.jpg,1
415.jpg,0
2179.jpg,1
27.jpg,0
1010.jpg,1
1697.jpg,0
1263.jpg,0
1339.jpg,1
2011.jpg,0
605.jpg,1
1728.jpg,2
1756.jpg,1
319.jpg,2
1598.jpg,0
361.jpg,2
902.jpg,1
1582.jpg,1
143.jpg,2
2185.jpg,0
1774.jpg,0
1264.jpg,1
929.jpg,1
803.jpg,1
1830.jpg,2
644.jpg,2
1255.jpg,0
2209.jpg,0
1693.jpg,0
1494.jpg,0
1992.jpg,1
204.jpg,1
775.jpg,2
485.jpg,0
448.jpg,0
874.jpg,2
1276.jpg,0
2102.jpg,1
282.jpg,1
2155.jpg,0
1489.jpg,0
2100.jpg,1
1343.jpg,0
1205.jpg,1
159.jpg,2
430.jpg,0
1705.jpg,0
2176.jpg,1
1946.jpg,1
1919.jpg,1
737.jpg,0
892.jpg,1
1844.jpg,1
1738.jpg,1
703.jpg,1
303.jpg,1
1651.jpg,1
298.jpg,1
2058.jpg,1
2167.jpg,0
1616.jpg,1
1726.jpg,0
824.jpg,2
1077.jpg,0
767.jpg,0
627.jpg,2
7.jpg,2
839.jpg,1
394.jpg,1
1471.jpg,0
1483.jpg,1
1585.jpg,0
273.jpg,2
1863.jpg,2
1272.jpg,0
799.jpg,1
1804.jpg,2
2175.jpg,0
484.jpg,0
859.jpg,0
1736.jpg,0
739.jpg,1
436.jpg,0
551.jpg,2
1070.jpg,0
632.jpg,2
1823.jpg,1
1057.jpg,0
1682.jpg,1
1112.jpg,0
1140.jpg,1
201.jpg,1
1986.jpg,2
1995.jpg,0
1827.jpg,1
2144.jpg,1
771.jpg,2
2264.jpg,2
1325.jpg,2
790.jpg,2
1787.jpg,1
683.jpg,1
301.jpg,2
1340.jpg,2
463.jpg,0
2240.jpg,1
278.jpg,0
1945.jpg,0
71.jpg,1
105.jpg,1
1544.jpg,2
254.jpg,0
2096.jpg,1
2127.jpg,2
943.jpg,0
654.jpg,1
993.jpg,1
395.jpg,2
1772.jpg,1
2157.jpg,0
1508.jpg,1
1723.jpg,0
222.jpg,0
1552.jpg,2
1587.jpg,2
1120.jpg,1
1747.jpg,2
311.jpg,2
2078.jpg,1
1661.jpg,2
1634.jpg,1
1935.jpg,2
1376.jpg,1
716.jpg,1
1438.jpg,0
1234.jpg,2
1915.jpg,0
1414.jpg,1
2171.jpg,0
1695.jpg,1
1962.jpg,0
2108.jpg,1
2113.jpg,2
1464.jpg,2
2042.jpg,1
615.jpg,1
1591.jpg,0
1795.jpg,2
1714.jpg,1
1385.jpg,0
1327.jpg,0
1922.jpg,0
715.jpg,2
496.jpg,1
1139.jpg,1
1460.jpg,0
506.jpg,1
325.jpg,2
616.jpg,1
245.jpg,2
781.jpg,2
1761.jpg,2
1975.jpg,1
1354.jpg,1
445.jpg,0
524.jpg,2
1416.jpg,1
1238.jpg,2
2087.jpg,1
1152.jpg,2
291.jpg,2
658.jpg,0
75.jpg,0
315.jpg,2
1816.jpg,0
2163.jpg,1
2260.jpg,1
478.jpg,2
660.jpg,0
2053.jpg,1
1121.jpg,1
427.jpg,0
686.jpg,0
1538.jpg,0
1725.jpg,0
1067.jpg,0
1454.jpg,0
2119.jpg,1
641.jpg,1
1332.jpg,1
1371.jpg,2
1704.jpg,1
2219.jpg,0
2201.jpg,2
1290.jpg,1
576.jpg,2
1102.jpg,2
2066.jpg,2
1163.jpg,1
1497.jpg,1
801.jpg,0
407.jpg,2
2091.jpg,1
1965.jpg,0
999.jpg,1
1196.jpg,1
328.jpg,0
2008.jpg,0
170.jpg,2
835.jpg,2
386.jpg,1
271.jpg,0
1811.jpg,1
1588.jpg,0
854.jpg,1
347.jpg,0
845.jpg,2
1177.jpg,1
1155.jpg,0
1317.jpg,2
935.jpg,1
1773.jpg,1
1028.jpg,0
2190.jpg,1
1358.jpg,2
1658.jpg,1
925.jpg,1
2098.jpg,2
1304.jpg,1
671.jpg,0
446.jpg,1
158.jpg,1
1337.jpg,2
80.jpg,2
480.jpg,2
279.jpg,0
1421.jpg,0
2255.jpg,1
1378.jpg,0
20.jpg,0
2222.jpg,1
2107.jpg,2
1514.jpg,0
707.jpg,2
1933.jpg,1
2077.jpg,0
1665.jpg,0
1600.jpg,1
534.jpg,1
944.jpg,1
2232.jpg,2
825.jpg,1
2230.jpg,0
1846.jpg,1
2262.jpg,2
1400.jpg,0
304.jpg,1
1630.jpg,0
2139.jpg,1
470.jpg,1
1220.jpg,1
1373.jpg,0
1737.jpg,0
261.jpg,0
2173.jpg,0
1941.jpg,1
638.jpg,0
1078.jpg,0
727.jpg,2
2237.jpg,1
568.jpg,0
354.jpg,1
911.jpg,0
2051.jpg,2
867.jpg,1
1031.jpg,2
2039.jpg,0
2120.jpg,0
2025.jpg,0
310.jpg,1
1046.jpg,0
1372.jpg,2
1926.jpg,2
692.jpg,0
884.jpg,1
1477.jpg,1
1486.jpg,1
1144.jpg,1
1023.jpg,1
1273.jpg,0
1439.jpg,2
699.jpg,0
1080.jpg,1
855.jpg,2
1618.jpg,2
129.jpg,0
2004.jpg,1
2187.jpg,2
38.jpg,1
1788.jpg,1
2198.jpg,0
88.jpg,0
829.jpg,0
513.jpg,0
1533.jpg,0
1185.jpg,2
1446.jpg,0
1190.jpg,0
922.jpg,0
927.jpg,1
76.jpg,0
1184.jpg,0
1405.jpg,0
907.jpg,0
1820.jpg,1
667.jpg,2
1583.jpg,1
1903.jpg,1
464.jpg,0
353.jpg,1
226.jpg,0
384.jpg,1
398.jpg,0
798.jpg,0
541.jpg,0
1258.jpg,0
1054.jpg,0
161.jpg,2
1805.jpg,1
1429.jpg,1
61.jpg,0
782.jpg,2
1716.jpg,2
1362.jpg,2
1253.jpg,1
1551.jpg,2
1565.jpg,0
202.jpg,2
224.jpg,1
1079.jpg,1
2164.jpg,1
1411.jpg,2
971.jpg,0
1426.jpg,1
1868.jpg,2
2059.jpg,0
1516.jpg,0
1367.jpg,1
274.jpg,0
555.jpg,2
1055.jpg,1
1404.jpg,2
1329.jpg,2
1468.jpg,0
1603.jpg,2
696.jpg,1
1331.jpg,2
29.jpg,2
585.jpg,2
1969.jpg,1
595.jpg,2
1712.jpg,0
2082.jpg,1
1770.jpg,2
890.jpg,0
1763.jpg,1
2249.jpg,0
1522.jpg,1
1528.jpg,0
1069.jpg,2
408.jpg,1
553.jpg,0
1840.jpg,1
2208.jpg,0
2200.jpg,2
2238.jpg,0
2246.jpg,1
901.jpg,2
331.jpg,0
1071.jpg,1
1158.jpg,1
338.jpg,2
238.jpg,2
2226.jpg,2
916.jpg,1
157.jpg,2
1559.jpg,1
489.jpg,2
1535.jpg,2
756.jpg,0
520.jpg,2
1939.jpg,0
714.jpg,1
1203.jpg,1
1667.jpg,1
2196.jpg,0
1572.jpg,1
500.jpg,2
625.jpg,0
294.jpg,2
2215.jpg,0
1485.jpg,0
992.jpg,1
1123.jpg,1
862.jpg,0
86.jpg,2
1081.jpg,1
1380.jpg,2
431.jpg,1
736.jpg,1
34.jpg,2
67.jpg,2
90.jpg,0
432.jpg,1
731.jpg,2
959.jpg,0
571.jpg,0
350.jpg,0
1281.jpg,0
2002.jpg,1
949.jpg,2
280.jpg,2
1564.jpg,0
2214.jpg,2
572.jpg,0
1810.jpg,2
2257.jpg,0
2048.jpg,0
148.jpg,2
251.jpg,0
2022.jpg,1
876.jpg,0
187.jpg,1
2005.jpg,0
1189.jpg,1
2038.jpg,1
199.jpg,1
373.jpg,2
154.jpg,0
2019.jpg,0
2012.jpg,2
1449.jpg,0
1943.jpg,0
1511.jpg,2
164.jpg,1
1604.jpg,0
953.jpg,2
622.jpg,2
1321.jpg,1
509.jpg,2
2017.jpg,2
1461.jpg,0
1157.jpg,2
1076.jpg,2
349.jpg,1
1776.jpg,2
2003.jpg,1
440.jpg,2
437.jpg,0
2258.jpg,2
289.jpg,0
2063.jpg,1
684.jpg,1
488.jpg,1
1305.jpg,1
1960.jpg,1
1580.jpg,1
208.jpg,0
875.jpg,2
1488.jpg,2
1392.jpg,0
1671.jpg,1
831.jpg,0
17.jpg,0
633.jpg,0
886.jpg,0
416.jpg,0
529.jpg,0
784.jpg,1
789.jpg,0
577.jpg,2
24.jpg,0
1256.jpg,1
281.jpg,1
938.jpg,2
1053.jpg,1
1018.jpg,1
467.jpg,2
547.jpg,1
2129.jpg,0
21.jpg,0
964.jpg,1
881.jpg,0
1575.jpg,1
936.jpg,1
13.jpg,2
1047.jpg,0
1814.jpg,2
1.jpg,2
507.jpg,0
904.jpg,0
1344.jpg,1
643.jpg,0
1188.jpg,0
535.jpg,2
940.jpg,0
1143.jpg,1
762.jpg,1
2186.jpg,1
512.jpg,1
526.jpg,0
1589.jpg,0
587.jpg,0
1107.jpg,1
1568.jpg,1
604.jpg,0
441.jpg,2
961.jpg,2
1036.jpg,0
1274.jpg,1
2023.jpg,2
1872.jpg,1
2203.jpg,2
1758.jpg,0
275.jpg,0
8.jpg,0
613.jpg,2
1294.jpg,1
77.jpg,0
1974.jpg,1
809.jpg,1
419.jpg,1
1752.jpg,0
2158.jpg,2
700.jpg,0
1831.jpg,1
908.jpg,0
145.jpg,0
1229.jpg,2
1696.jpg,0
1521.jpg,2
367.jpg,0
493.jpg,2
780.jpg,1
1971.jpg,0
1994.jpg,1
252.jpg,0
197.jpg,1
10.jpg,2
1593.jpg,0
1355.jpg,0
2243.jpg,1
1566.jpg,2
6.jpg,2
122.jpg,0
1834.jpg,0
330.jpg,1
1979.jpg,0
1700.jpg,0
719.jpg,2
1026.jpg,1
2093.jpg,1
1657.jpg,0
66.jpg,0
32.jpg,2
744.jpg,2
1099.jpg,1
438.jpg,2
229.jpg,2
2223.jpg,2
1650.jpg,1
1642.jpg,2
1171.jpg,2
2212.jpg,1
96.jpg,1
1852.jpg,1
521.jpg,0
734.jpg,0
659.jpg,2
747.jpg,0
471.jpg,2
1625.jpg,1
321.jpg,0
1408.jpg,0
142.jpg,1
649.jpg,0
1628.jpg,1
461.jpg,0
344.jpg,2
2064.jpg,0
1493.jpg,1
316.jpg,1
877.jpg,0
1356.jpg,0
1198.jpg,2
752.jpg,2
1717.jpg,2
2013.jpg,0
679.jpg,2
351.jpg,1
227.jpg,1
492.jpg,0
156.jpg,1
2149.jpg,0
312.jpg,1
652.jpg,0
1768.jpg,2
1056.jpg,0
2253.jpg,0
1001.jpg,2
986.jpg,0
1571.jpg,0
108.jpg,2
113.jpg,2
910.jpg,1
1987.jpg,0
411.jpg,2
1708.jpg,1
1874.jpg,1
1394.jpg,0
624.jpg,0
836.jpg,1
372.jpg,0
1017.jpg,1
583.jpg,1
1786.jpg,1
917.jpg,0
205.jpg,1
816.jpg,2
1549.jpg,2
1670.jpg,1
1244.jpg,0
776.jpg,2
750.jpg,0
948.jpg,2
